8,9,27
8.1,8.99,27
8.189,8.9811,27.00819
8.26821,8.9725083209,27.023433879
8.33863983209,8.96352777536413,27.0446748057995
8.40112862641741,8.95355362478009,27.0709197750818
8.45637112625368,8.94207131327027,27.1012281377326
8.50494114495534,8.92865408438924,27.1347034573508
8.54731243889873,8.91296050522699,27.1704881400688
8.58387724553156,8.89473187056076,27.2077603716043
8.61496270803448,8.8737894290471,27.2457329601163
8.64084538013574,8.8500313589616,27.2836537312818
8.66176397801832,8.82342941883829,27.3208071576024
8.67793052210032,8.79402520561399,27.3565169310931
8.68953999045169,8.76192596719907,27.3901492103698
8.69677858812642,8.72729993577408,27.4211162922801
8.69983072289119,8.69037117075947,27.448880476622
8.69888476767802,8.65141392466657,27.4729579116257
8.69413768337687,8.61074656936474,27.4929222287306
8.68579857197566,8.56872514326705,27.5084077982717
8.6740912291048,8.52573660027204,27.5191124631149
8.65925576622152,8.48219185792813,27.5247996347592
8.64154937539218,8.43851875437707,27.5252996653919
8.62124631329067,8.3951550306336,27.5205104390261
8.59863718502497,8.35254145642535,27.5103971542256
8.574027612165,8.3111152142168,27.494991299013
8.54773637237018,8.27130364754109,27.4743888443851
8.52009309988727,8.2335184669914,27.4487477055516
8.49143563659769,8.19815049102376,27.4182845388543
8.46210712204029,8.16556498008485,27.3832709568215
8.43245290784475,8.13609760257049,27.3440292537076
8.40281737731732,8.11005105081513,27.3009277391484
8.3735407446671,8.08769230572183,27.254375778445
8.34495590077258,8.06925053065862,27.204818634876
8.31738536376118,8.05491555960279,27.152732202919
8.29113838334534,8.04483693175304,27.0986177119922
8.26650823818611,8.0391234152972,27.0429964690652
8.24376975589722,8.03784295686869,26.9864046959603
8.22317707599437,8.04102299042162,26.9293885041062
8.20496166743709,8.0486510396207,26.8724990365538
8.18933060465545,8.06067555107524,26.8162877947924
8.17646509929743,8.0770069014566,26.7613021567774
8.16651927951335,8.09751852927887,26.7080810829622
8.1596192044899,8.12204815142166,26.6571509992722
8.15586209918308,8.15039903485813,26.6090218400529
8.15531579275058,8.18234130506458,26.5641832301344
8.15801834398198,8.21761328380175,26.5231007833328
8.16397783796396,8.25592285998157,26.4862124949073
8.17317234016572,8.29694890781139,26.4539252076514
8.18554999693029,8.34034277601978,26.426611135325
8.20102927483924,8.38572988042369,26.4046044328961
8.21949933539768,8.43271143912714,26.3881978104214
8.24082054577063,8.48086639499621,26.3776391961718
8.26482513069319,8.52975357349464,26.3731284646121
8.29131797497333,8.57891412526053,26.3748142558175
8.32007759000205,8.62787430174203,26.3827909245877
8.35085726117605,8.67614860859147,26.3970956695381
8.38338639591759,8.72324337517563,26.4177059044214
8.41737209384339,8.76866076937602,26.4445369453674
8.45250096139666,8.81190327477295,26.4774400980962
8.48844119273429,8.85247863237148,26.5162012378312
8.524844936698,8.88990523139298,26.5605399809639
8.5613509661675,8.92371791362765,26.6101095508005
8.59758766091352,8.95347413389258,26.6644974392623
8.63317630821142,8.97876039592683,26.7232269615739
8.66773471698296,8.99919885943059,26.7857597912041
8.70088113122773,9.01445399096165,26.8514995472279
8.73223841720112,9.02423911023935,26.9197964856846
8.76143848650494,9.02832266539796,26.9899533205108
8.78812690439424,9.02653405725242,27.0612321686558
8.81196761968006,9.01876882503605,27.1328625788447
8.83264774021566,9.00499300555602,27.2040505652982
8.8498822667497,8.98524648525791,27.273988528102
8.86341868860052,8.95964518091139,27.3418659026752
8.87304133783161,8.92838190968062,27.4068803440011
8.87857539501651,8.8917258428434,27.4682492191398
8.8798904397992,8.85002047840722,27.5252211561711
8.87690344366,8.8036801147865,27.5770873810556
8.86958111077265,8.75318485847338,27.6231925675057
8.85794148554272,8.69907425074515,27.6629449298371
8.84205476206296,8.64193964912678,27.6958253052897
8.82204325076934,8.58241554571414,27.7213950000955
8.79808048026382,8.52117004384738,27.7393022114966
8.77038943662218,8.4588947446517,27.7492868841745
8.73923996742513,8.39629431383176,27.7511839117365
8.70494540206579,8.33407600572436,27.7449246492139
8.66785846243165,8.27293941568717,27.7305367579665
8.6283665577572,8.21356671395805,27.7081424569885
8.58688657337729,8.15661358545597,27.6779553016817
8.54385927458515,8.10270106256157,27.6402756504486
8.4997434533828,8.05240839413804,27.5954850093289
8.45500994745832,8.00626704663418,27.5440394644005
8.41013565737591,7.96475588480925,27.4864624205629
8.36559768011924,7.92829753304343,27.4233368640391
8.32186766541166,7.89725587563704,27.3552973554953
8.2794064864342,7.87193461779176,27.2830219425183
8.23865929956995,7.85257679941129,27.2072241560711
8.20005104955409,7.83936513220777,27.1286452273164
8.16398245781946,7.83242301706848,27.0480466307233
8.13082651374436,7.83181609297216,26.966203028373
8.10092547166714,7.83755417030977,26.8838956603448
8.0745883415314,7.84959340934819,26.8019061982073
8.05208884831308,7.86783861769487,26.7210110538773
8.03366382525126,7.89214555781982,26.6419761150459
8.01951199850812,7.92232317582546,26.5655518613594
8.00979311623985,7.95813568465786,26.4924688027024
8.00462737308165,7.99930445787759,26.4234331722144
8.00409508156124,8.04550971315066,26.3591228019135
8.00823654472019,8.09639198712566,26.3001831077659
8.01705208896073,8.15155342481162,26.2472231134756
8.03050222254582,8.21055892655943,26.2008114479096
8.04850789294718,8.27293721395725,26.1614722597128
8.07095082504819,8.33818189210871,26.1296810040977
8.09767393175424,8.40575259961844,26.1058600708702
8.12848179854066,8.47507634889435,26.0903742393407
8.16314125357603,8.54554916778083,26.083525964724
8.20138204499651,8.61653815869072,26.0855505217911
8.24289765636593,8.68738409287017,26.0966110546571
8.28734630001636,8.75740465470867,26.1167936063236
8.33435213548559,8.82589844354959,26.1461022274511
8.38350676629199,8.89214982771024,26.1844542901248
8.43437107243381,8.95543472686565,26.2316761581964
8.486477437877,9.01502737417702,26.2874993899913
8.539332431507,9.07020807832715,26.3515576703862
8.59241999618901,9.12027196801128,26.4233846858803
8.64520519337124,9.16453865784456,26.502413166543
8.69713853981857,9.20236272596738,26.5879753207651
8.74766095843345,9.2331448412772,26.6793048807587
8.79620934671783,9.25634332419024,26.7755409571211
8.84222274446507,9.27148587172478,26.8757338682446
8.88514905719104,9.27818112861793,26.9788530642576
8.92445226433373,9.2761297446654,27.0837972056179
8.9596200123669,9.26513452824787,27.1894063845084
8.990171463955,9.24510929075794,27.2944763949538
9.01566524663529,9.21608597966269,27.3977748683576
9.03570731993803,9.17821972176605,27.4980589993032
9.04995856012083,9.13179144429012,27.594094497228
9.05814184853776,9.07720780964133,27.6846753188069
9.06004844464812,9.01499828845085,27.7686436695892
9.05554342902839,8.94580930118132,27.8449097172847
9.04457001624368,8.87039547607499,27.912470437837
9.02715256222681,8.78960819384899,27.9704270223793
9.00339812538903,8.70438170971751,28.0180003097299
8.97349648382188,8.61571725307155,28.0545437744832
8.93771856074685,8.52466559685545,28.079553691924
8.89641326435771,8.43230865579804,28.0926762127645
8.85000280350174,8.33974071035477,28.0937112061701
8.79897659418704,8.24804985887798,28.0826128606767
8.74388392065614,8.15830027401446,28.0594871609516
8.68532555599197,8.07151578297302,28.0245864758513
8.62394457869008,7.98866520967286,27.978301592883
8.56041664178835,7.91064981618036,27.9211516106654
8.49543995922755,7.83829306866093,27.8537721510523
8.42972527017089,7.77233283708534,27.7769023751673
8.36398602686234,7.71341602557217,27.6913712837457
8.29892902673332,7.66209552801884,27.5980837547518
8.23524567686187,7.61882931667871,27.4980067244559
8.17360404084356,7.58398140303431,27.3921558570663
8.11464177706263,7.55782436243283,27.2815829779598
8.05896003559965,7.54054308661251,27.1673644716985
8.00711834070094,7.5322394202144,27.0505907729371
7.95963044865228,7.53293734636072,26.9323570097403
7.91696113842313,7.54258840943272,26.8137547975127
7.87952386552409,7.56107709702572,26.6958651294517
7.84767918867425,7.58822594441894,26.5797522670172
7.82173386424872,7.62380017074366,26.4664585014598
7.80194049489821,7.66751170374985,26.3569996344519
7.78849761578338,7.71902249756337,26.2523610114324
7.78155010396138,7.77794709354483,26.1534939343121
7.78118980291972,7.84385441728357,26.0613122795409
7.78745626435611,7.91626884432556,25.97668915216
7.80033752235305,7.99467060324981,25.9004534154564
7.81977083044273,8.07849561725075,25.8333859485647
7.84564330912353,8.16713491468065,25.7762155004194
7.87779246967924,8.25993376533452,25.7296140277223
7.91600659924477,8.35619072283792,25.694191427149
7.96002501160408,8.45515677440237,25.6704895981571
8.00953818788391,8.55603481729297,25.6589758028856
8.06418785082482,8.65797969617552,25.6600353242017
8.12356703535989,8.76009904631308,25.6739634623422
8.18722023645521,8.86145519325354,25.7009569550709
8.25464373213504,8.96106835874025,25.7411049557622
8.32528619479556,9.05792141333754,25.7943797578823
8.39854971664976,9.15096639673081,25.8606275119654
8.47379138465786,9.23913299479541,25.9395592406964
8.55032554567162,9.3213391163953,26.0307425166745
8.62742690274398,9.39650365088818,26.1335942225644
8.7043345775584,9.46356140853615,26.2473748605234
8.78025726065618,9.52148015048123,26.3711849121944
8.85437954963868,9.56927950398614,26.5039637667705
8.92586954507343,9.60605143523654,26.6444917271053
8.99388773408974,9.63098182099543,26.7913955672577
9.05759714278031,9.64337252861555,26.9431580448017
9.11617468136383,9.64266329006713,27.0981316648932
9.16882354223416,9.6284525499907,27.2545568499544
9.21478644300982,9.60051639152615,27.4105844914453
9.25335943786145,9.55882460798619,27.5643026545787
9.28390595487392,9.50355300333938,27.7137669828017
9.30587065972047,9.43509107743447,27.8570341197952
9.31879270149187,9.35404438655952,27.9921972488936
9.32231786999863,9.26123106489454,28.1174226611788
9.31620918948823,9.1576722405191,28.2309861220919
9.30035549459131,9.04457636778115,28.3313077283172
9.2747775819103,8.92331780758878,28.4169839440788
9.23963160447815,8.7954102961473,28.4868155851509
9.19520947364506,8.6624762265247,28.5398306790133
9.14193614893303,8.52621290252118,28.5753013622066
9.08036382429184,8.38835709029911,28.5927542653516
9.01116315089257,8.25064927551818,28.5919741609555
8.93511176335513,8.11479902530817,28.5730009838882
8.85308048955043,7.98245275673955,28.5361206532675
8.76601771626934,7.85516503621728,28.4818504034415
8.67493244826414,7.7343742941235,28.4109195514001
8.58087663285007,7.6213835576816,28.3242467753405
8.48492732533323,7.51734650632682,28.2229150487991
8.38816924343259,7.42325886137572,28.1081453686864
8.2916782052269,7.33995485620761,27.9812703421918
8.19650587032497,7.26810831059993,27.8437085701523
8.10366611435247,7.20823766371621,27.6969405992881
8.01412326928884,7.1607142090409,27.542487029637
7.92878236326405,7.12577272036836,27.3818891725207
7.84848139897448,7.10352365543928,27.2166924719524
7.77398562462096,7.09396616452047,27.0484327388025
7.70598367861091,7.09700120496936,26.8786251089464
7.64508543124676,7.1124441590003,26.7087555272336
7.59182130402211,7.14003646047954,26.5402744787127
7.54664281966785,7.17945584898008,26.3745926350686
7.50992412259908,7.23032497868622,26.2130780541184
7.48196420820779,7.29221821116514,26.0570545590586
7.46298960850353,7.36466651152973,25.9078009273608
7.45315729880615,7.4471604457947,25.7665505324209
7.452557613505,7.53915134334477,25.6344911005426
7.46121698648898,7.64005074349598,25.5127642686269
7.47910036218968,7.74922829094425,25.4024646519803
7.50611315506514,7.86600828365656,25.304638155769
7.54210266792428,7.98966511078642,25.2202792875066
7.58685891221049,8.11941784969636,25.1503272519853
7.64011480595908,8.25442432205099,25.0956606353483
7.70154575756827,8.39377494064453,25.0570905131814
7.7707686758759,8.53648671196924,25.0353518506709
7.84734047948523,8.68149779458755,25.0310931034204
7.93075621099546,8.82766304933519,25.0448639779894
8.02044689482944,8.97375105245081,25.0771013741473
8.11577731059157,9.11844307400252,25.1281136084727
8.21604388693267,9.26033454741203,25.1980631129925
8.32047295298061,9.3979395662586,25.2869479138049
8.42821961430841,9.52969893562815,25.3945823225181
8.53836754644038,9.65399227000006,25.5205774154614
8.64993001879635,9.76915456059741,25.6643220273
8.76185247297646,9.87349752509443,25.8249651394918
8.87301697818825,9.96533589555703,26.0014006895104
8.98224886992513,10.0430185927472,26.192255950403
9.08832584220733,10.1049644762857,26.395884715779
9.18998970561517,10.1497020554375,26.6103665545357
9.28596094059741,10.1759122054671,26.8335133537934
9.37495606708438,10.1824725777565,27.0628842304414
9.45570771815159,10.1685020436727,27.2958096483373
9.5269871507037,10.1334032046687,27.5294252236122
9.5876287561002,10.0769007711029,27.760715238887
9.63655595760047,9.99907349795729,27.9865653352373
9.67280771163615,9.90037740196529,28.2038232391699
9.69556468066906,9.78165819794911,28.4093657549437
9.70417403239707,9.64415129441853,28.6001696655694
9.69817175859922,9.48946827263784,28.7733837000456
9.67730141000308,9.31956951032804,28.9263984001025
9.64152822003557,9.13672344978938,29.056910607729
9.59104774301096,8.94345388078675,29.1629794279876
9.52628835678853,8.74247742979919,29.243070908155
9.4479072640896,8.536634136311,29.2960892934274
9.35677995131174,8.32881448044508,29.3213935222759
9.25398340422507,8.12188645147038,29.3187985385035
9.14077370894961,7.9186261890674,29.2885619351391
9.01855895696139,7.721655396586,29.231357317669
8.88886860092385,7.5333881569553,29.148236500259
8.75332055652699,7.35598904164987,29.0405831680548
8.61358740503928,7.19134357087628,28.9100609178252
8.47136302162298,7.04104124257153,28.7585586240907
8.32833084371783,6.90637057536727,28.5881358916087
8.18613481688278,6.78832496674977,28.4009709919756
8.04635383186948,6.68761769110257,28.1993131991091
7.91048021779279,6.6047040689576,27.9854408961484
7.77990260290927,6.5398087232981,27.7616262810697
7.65589321494815,6.49295587922882,27.530106995997
7.53959948137622,6.46400082704752,27.2930645780446
7.43203961594335,6.45266091818446,27.0526092954623
7.33410174616746,6.45854476148163,26.8107706966386
7.24654604769888,6.48117860097058,26.5694930555237
7.17000930302605,6.52002915940788,26.3306348324627
7.10501128866423,6.5745225056277,26.0959712675532
7.05196241036058,6.64405873695118,25.8671992666191
7.01117204301964,6.72802245558758,25.645943810828
6.98285708427643,6.82578916044391,25.4337652053268
6.96715029189318,6.93672777699847,25.2321665684659
6.96410804040371,7.06019961423273,25.0426010428698
6.97371719778661,7.19555407665072,24.8664782773966
6.99590088567302,7.34212147914979,24.7051697821188
7.0305229450207,7.49920332075246,24.5600127961827
7.07739098259387,7.66606037721509,24.4323123317771
7.13625792205599,7.84189897876086,24.3233410687869
7.20682202772648,8.02585585321893,24.2343367773974
7.28872541027573,8.21698194130326,24.1664969442101
7.38155106337848,8.41422563322129,24.1209702764114
7.48481852036276,8.6164159366994,24.0988447640779
7.59797826199642,8.8222461669388,24.101131999524
7.72040505249066,9.03025884840952,24.1287474921872
7.85139043208255,9.23883263413327,24.1824867861145
7.99013465228762,9.44617217501044,24.2629972932905
8.1357384045599,9.65030200148605,24.3707459084064
8.28719476425252,9.84906560040003,24.5059826769398
8.44338184786727,10.0401309650548,24.6687010543189
8.60305675958602,10.221003945882,24.8585956216092
8.76485147821562,10.3890507081443,25.0750185092301
8.92727140120849,10.5415304844941,25.3169362135493
9.08869730953705,10.6756395657332,25.5828889507132
9.24739153515667,10.7885670769809,25.8709551446809
9.40150908933909,10.8775625199416,26.1787240461308
9.54911443239934,10.9400143190871,26.5032797672449
9.68820442106812,10.9735377036549,26.8412001263688
9.81673774932679,10.9760692272068,27.1885735546187
9.9326708971148,10.9459641411065,27.541036857715
10.034000221514,10.8820917981577,27.8938358028283
10.1188093791783,10.7839233959555,28.241909296552
10.1853207808561,10.6516058214073,28.579996367344
10.2319492849112,10.4860152726619,28.9027633521041
10.2573558836863,10.2887848315853,29.2049467607548
10.2604987784762,10.0623013058098,29.4815054567505
10.2406790312095,9.8096684434588,29.727774280473
10.1975779724345,9.53463594057719,29.9396102923142
10.1312837692487,9.24149630925131,30.1135226189473
10.042305023249,8.934954372106,30.2467775647236
9.93156995813469,8.61997657214147,30.3374722013993
9.80041061953537,8.30162911948614,30.3845719463323
9.65053246953044,7.98491498603246,30.3879104362507
9.48397072118065,7.67461976417846,30.3481529713421
9.30303562548043,7.37517542624605,30.266727583503
9.11024960555699,7.09054919735772,30.1457300452883
8.90827956473706,6.82416234239695,29.9878106410313
8.69986784250305,6.57884098985232,29.7960511500161
8.48776515723798,6.35679850351864,29.5738402577012
8.27466849186604,6.1596466534597,29.3247546459933
8.06316630802541,5.98843113163857,29.0524515296109
7.85569279038672,5.84368590317829,28.7605766502069
7.65449210166588,5.72550047907084,28.4526899517235
7.46159293940638,5.63359435768042,28.1322095349622
7.27879308123378,5.56739347677765,27.8023731595241
7.10765312078817,5.5261043908011,27.4662155931295
6.94949824778946,5.5087828909463,27.1265595085035
6.80542671210515,5.51439479368887,26.7860173587576
6.67632352026352,5.54186754469941,26.4470016588247
6.56287792270711,5.59013206277361,26.1117412876046
6.46560333671376,5.65815485630526,25.7823017295998
6.38485848867291,5.74496088111145,25.4606075326628
6.32086872791676,5.84964788781183,25.1484656209471
6.27374664390627,5.97139315376507,24.8475884350891
6.24351129489215,6.10945353698313,24.5596161543988
6.23010551910125,6.26315975560105,24.2861374785859
6.23341094275123,6.43190571196349,24.0287086074275
6.25326041967246,6.61513356707701,23.7888701590397
6.28944773441291,6.81231514697203,23.5681618171905
6.34173447566882,7.02293014168387,23.3681345027377
6.40985404227033,7.24644145137352,23.1903598313287
6.49351278318065,7.48226795163002,23.0364365561182
6.59238830002558,7.72975489884347,22.9079936071993
6.70612495990737,7.98814218353059,22.806689235246
6.83432668226969,8.25653067113601,22.734205652442
6.97654708115633,8.53384695255325,22.6922384470642
7.13227706829602,8.8188069667238,22.6824799389545
7.3009300581388,9.10987916097255,22.706595554234
7.48182496842217,9.40524812564261,22.766192245378
7.67416728414422,9.70277997977072,22.8627779881076
7.87702855370687,9.99999119092351,22.9977114752848
8.08932481742853,10.2940229744449,23.1721413307544
8.30979463313017,10.5816239141821,23.3869345171179
8.53697756123536,10.8591439429596,23.6425941461134
8.76919419940779,11.1225432635283,23.9391676506365
9.00452910581983,11.367420105721,24.2761472653114
9.24081820580995,11.5890613080167,24.6523659902369
9.47564251603063,11.7825194679746,25.0658936510643
9.70633021122503,11.9427197019602,25.5139392445362
9.92996916029855,12.0645977711176,25.9927673418219
10.1434320213805,12.1432693773389,26.4976377173593
10.3434157569763,12.1742277804201,27.0227783193599
10.5264969593207,12.1535636039118,27.5614018920405
10.6892036237798,12.0781969843707,28.1057756781343
10.8281029598389,11.9461084369067,28.647351396458
10.9399035075457,11.7565514768173,29.176958947128
11.0215683044728,11.5102277889099,29.6850620959167
11.0704342529165,11.2094052411465,30.1620680577807
11.0843313517395,10.8579608658951,30.5986760802706
11.0616943031551,10.4613353897406,30.9862437452148
11.0016584118136,10.0263928816004,31.3171448528499
10.9041318587923,9.56118800704883,31.5850904859673
10.769837473618,9.07465313313145,31.7853859538972
10.6003190395693,8.57622668681624,31.9151010555261
10.397909804294,8.07545121734077,31.9731390844046
10.1656639455987,7.58157328677182,31.9602001760227
9.907254879716,7.10317691243663,31.8786454334512
9.62684708298806,6.64787785433978,31.7322780631648
9.32895016012323,6.22209837394361,31.5260650167815
9.01826498150527,5.83093254217508,31.2658264058864
8.69953173757225,5.47810233763453,30.9579199826089
8.37738879757848,5.16599612659913,30.6089447012185
8.05624953048055,4.89577472419825,30.2254817566457
7.74020204985232,4.66752661338556,29.8138847380335
7.43293450620564,4.48045300357648,29.3801238022926
7.13768635594272,4.33306477521175,28.9296829715686
6.85722419786963,4.22337627284446,28.4675053322479
6.59383940536711,4.14908462134678,27.9979782364699
6.34936392696508,4.10772708697365,27.5249494602217
6.12520024296593,4.09681250371145,27.0517653498276
5.92236146904049,4.11392564977058,26.5813229099301
5.74151788711349,4.15680557862528,26.1161291798789
5.58304665626467,4.22340030294639,25.6583628042448
5.44708202093284,4.31190099707639,25.2099342055259
5.3335639185472,4.42075915936862,24.7725420773507
5.24228344262934,4.54869009902365,24.347724970738
5.17292410826877,4.6946658071717,23.9369075327693
5.12509827815906,4.85789983887861,23.5414414979039
5.09837843423102,5.03782634551146,23.1626418656236
5.09232322535906,5.23407490596592,22.8018188678272
5.10649839341975,5.44644234199613,22.4603063767543
5.14049278827739,5.67486228444758,22.1394873640667
5.19392973789441,5.91937289100934,21.840816920835
5.2664740532059,6.18008280365936,21.5658432051624
5.35783492825125,6.45713517376547,21.3162265103461
5.46776495280267,6.75066937258169,21.0937564471079
5.59605539478057,7.0607798433961,20.9003670092187
5.74252783964212,7.38747143995238,20.7381490403128
5.90702219967315,7.73061053858622,20.609359336656
6.08938103356446,8.08987121788216,20.5164253016964
6.28943005199623,8.46467588401446,20.461943710566
6.50695463519805,8.85412990277837,20.4486717471375
6.74167216195608,9.25695010751924,20.4795080499958
6.9931999565124,9.67138751867963,20.557461063774
7.26101871272912,10.0951452731444,20.6856015698238
7.54443136877065,10.5252936591516,20.8669959153221
7.84251759780875,10.9581853202602,21.1046162473898
8.1540843700539,11.3893751512925,21.4012240929346
8.47761344817776,11.8135511546325,21.759224042848
8.81120721882324,12.2244845049004,22.1804852697646
9.15253494743095,12.6150091618623,22.6661303237305
9.49878236887409,12.9770433564147,23.2162933039255
9.84660846762815,13.3016668110759,23.8298532554944
10.1921143019729,13.5792681654222,24.5041535525696
10.5308296883178,13.7997761495115,25.2347239906257
10.8577243344372,13.9529848949755,26.0150289412165
11.167250390491,14.0289777317068,26.8362714724395
11.4534231246126,14.018644432928,27.6872886370337
11.7099452554442,13.914274144158,28.5545756032843
11.9303781443156,13.7101909031718,29.4224741388368
12.1083594202012,13.4033824503718,30.2735524475237
12.2378617232182,12.9940587239151,31.0891874371449
12.3134814232879,12.4860676497471,31.8503373776876
12.3307400459338,11.8870963955142,32.5384646681667
12.2863756808919,11.2085991512508,33.136539232556
12.1785980279278,10.4654186526301,33.6300287866424
12.007280090398,9.675105891322,34.0077692886422
11.7740626704904,8.85698514673659,34.2626125043587
11.482354918115,8.03105137419606,34.3917698194686
11.1372245637231,7.21681516423375,34.3968097800575
10.7451836237742,6.43221994247221,34.2833144304455
10.313887255644,5.69274406983702,34.0602465562039
9.85177293706329,5.01076963191773,33.7391165198205
9.36767260654874,4.39525720747234,33.3330563924945
8.8704310666411,3.85172137262612,32.8559081941064
8.3685600972396,3.38246416988227,32.3214149315014
7.86995050450387,2.98699932258967,31.7425740801523
7.38165538631245,2.6625906016614,31.1311808062725
6.90974890784734,2.40483171900338,30.4975592473349
6.45925718896294,2.20820832899778,29.8504588341787
6.03415230296643,2.06660035043232,29.1970804538387
5.63739710771302,1.97370068915433,28.5431934543751
5.27102746585715,1.92334171017656,27.8933069744904
4.93625889028909,1.90973211175356,27.2508653249763
4.63360621243554,1.92761401763212,26.6184449041241
4.36300699295519,1.97235370020653,25.9979377495535
4.12394166368033,2.03998027919475,25.3907133394313
3.91554552523177,2.12718593612285,24.7977552470443
3.73670956632088,2.23129942789295,24.219772707525
3.58616855247809,2.35024254848061,23.6572892811664
3.46257595207834,2.48247704911971,23.1107118928492
3.36456606178248,2.62694759285454,22.5803838956919
3.29080421488968,2.78302468105044,22.0666257123101
3.24002626150576,2.95045016538442,21.5697662534873
3.21106865189362,3.12928692579379,21.0901678469187
3.20289047928364,3.31987351070191,20.6282469225028
3.21458878242547,3.52278395307035,20.1844922505013
3.24540829948996,3.73879254894462,19.7594821416057
3.29474672443542,3.96884307395246,19.3539017015137
3.36215635938713,4.21402168369378,18.9685609833171
3.44734289181779,4.47553256810041,18.6044146884529
3.55016185944605,4.7546752848017,18.2625839172849
3.67061320198162,5.0528225638178,17.9443803479922
3.80883413816524,5.37139724066729,17.6513331108126
3.96509044841544,5.71184682558099,17.3852185063232
4.139766086132,6.07561404445112,17.1480925723972
4.33335088196391,6.46410148739295,16.9423263135364
4.54642594250681,6.87862827273609,16.7706431439904
4.77964617552974,7.32037638328702,16.6361577337643
5.03371919630547,7.79032407172551,16.542414950702
5.30937968384747,8.28916348906779,16.4934269236028
5.60735806436951,8.81719950740241,16.4937053678896
5.9283422086728,9.37422665229215,16.5482851723757
6.27293065303473,9.95938122951212,16.6627338031435
6.64157571068247,10.5709662636957,16.8431393130583
7.0345147659838,11.2062479505174,17.0960676591308
7.45168808443716,11.8612242016035,17.4284776883459
7.8926416961538,12.5303688280286,17.8475797138226
8.35641440934128,13.206359296424,18.3606213695902
8.84140889804955,13.8798021283023,18.9745829109302
9.34524822107482,14.5389781366183,19.6957640937088
9.86462121262917,15.1696398135587,20.5292473135514
10.3951230727221,15.7549048696736,21.4782282254511
10.9311012524173,16.2753020234633,22.5432172239652
11.4655213295219,16.7090354536015,23.721134507981
11.9898727419298,17.0325393347144,25.0043489449915
12.4941394012083,17.2213886906551,26.3797460974098
12.966864330153,17.2516115849917,27.8279505113133
13.3953390556368,17.1014048929205,29.3228649000024
13.7659456393652,16.7531886053879,30.8317130046863
14.0646699359675,16.1958446464461,32.315768827506
14.2777874070153,15.4268875591936,33.7319070849706
14.3926974222332,14.4542291756419,35.0350077719256
14.398850597574,13.2971595016416,36.1810943679739
14.2886814879808,11.9862043513341,37.1309033151904
14.0584337743161,10.5616566161377,37.8534164557126
13.7087560584983,9.0708040230424,38.328795517744
13.2449608549527,7.56414660150334,38.5501887000009
12.6768794296078,6.09113677204955,38.5240519243812
12.0183051638519,4.69610403076594,38.2689099375496
11.2860850505433,3.41499405716246,37.8127977857777
10.4989759512052,2.27336341265013,37.1898756452526
9.67641469734974,1.28578694458289,36.4368255060235
8.83735192207305,0.456546851882451,35.5895949027451
7.99927141505399,-0.218737827651676,34.6808856906619
7.17747049078343,-0.750972628700709,33.738564639723
6.38462617883501,-1.15534668602435,32.7849687438449
5.63062889234908,-1.4492955862327,31.8369383437035
4.9226364444909,-1.65084638933256,30.9063488651907
4.26528816110855,-1.77740691388116,30.0009143961151
3.66101865360958,-1.84497760959377,29.1250784855462
3.11041902728925,-1.86771716672143,28.2808647514895
2.61260540788818,-1.85777606572549,27.4686145279868
2.16556726052681,-1.82531529948969,26.6875817826142
1.76647900452516,-1.77864084725789,25.9363845045507
1.41196701934686,-1.72440110432408,25.2133282672967
1.09833020697976,-1.6678102074776,24.5166248719611
0.821716165534026,-1.61287314414916,23.844530145405
0.578257234565708,-1.56259824515856,23.1954227688392
0.364171686593281,-1.51918944727749,22.5678423242703
0.175835573206203,-1.48421517257861,21.9605007377904
0.00983049862772198,-1.45875343270633,21.3722776065263
-0.137027894505683,-1.44351436022033,20.8022068009494
-0.267676541077148,-1.43894220108966,20.2494593035921
-0.384803107078399,-1.44529915832968,19.713325432875
-0.490852712203527,-1.46273354795416,19.1931983107328
-0.58804079577859,-1.49133463742477,18.6885595564057
-0.678370179943208,-1.53117635953348,18.1989676243045
-0.763650797902236,-1.58235187690145,17.7240488648152
-0.845520905802157,-1.64500074096831,17.263491204487
-0.925468889318772,-1.71933015997798,16.8170402641995
-1.00485501638469,-1.80563167163808,16.3844977228895
-1.08493268191003,-1.90429431223152,15.9657217640423
-1.16686884494218,-2.0158151867231,15.560629495021
-1.25176347912027,-2.14080817378539,15.1692012945393
-1.34066794858678,-2.28001134432193,14.7914871148957
-1.4346022881603,-2.43429352961426,14.4276148398159
-1.5345714123057,-2.60466034238405,14.0778008747639
-1.64158030531353,-2.79225982670036,13.7423632244387
-1.75664825745221,-2.99838778574411,13.4217373925087
-1.8808222102814,-3.22449270394797,13.116495522165
-2.01518925964806,-3.47218003479584,12.8273692831854
-2.16088833716284,-3.74321545905919,12.5552771014373
-2.31912104935247,-4.03952652029076,12.3013564183553
-2.4911615964463,-4.36320180285259,12.0670017570254
-2.67836561708693,-4.71648651821551,11.8539094511929
-2.88217770719979,-5.10177299079633,11.6641299523995
-3.10413723555944,-5.52158406567744,11.5001286508148
-3.34588191857124,-5.97854687539012,11.3648561004352
-3.60914841425313,-6.47535367850007,11.2618283899872
-3.89576894067782,-7.01470559695281,11.1952180908591
-4.20766260630532,-7.59923401514824,11.1699556636956
-4.54681974718962,-8.23139315716005,11.1918403073514
-4.91527708818666,-8.91331594963296,11.2676578420273
-5.31508097433129,-9.64662377054446,11.4053011429099
-5.74823525395261,-10.4321792145398,11.6138856437925
-6.21662965001132,-11.2697698245709,11.9038482299904
-6.72194366746728,-12.1577102697704,12.2870121295929
-7.26552032769759,-13.0923513601975,12.7765929083916
-7.84820343094758,-14.0674875834044,13.3871112136166
-8.47013184619327,-15.0736619466639,14.1341666244224
-9.13048485624033,-16.0973796956822,15.0340145553697
-9.82717434018451,-17.1202632362096,16.1028763159256
-10.556483229787,-18.1182116897489,17.3559043965551
-11.3126560757832,-19.0606717401916,18.8057262578792
-12.087457642224,-19.9101815899018,20.4605084640377
-12.8697300369918,-20.6224126198513,22.3215296711659
-13.6449982952778,-21.1469922952044,24.3803377112243
-14.3951976952704,-21.4294252298507,26.6157021104414
-15.0986204487285,-21.4144033954456,28.9907581809602
-15.7301987434002,-21.0506685441832,31.4509507861725
-16.2622457234785,-20.2973204415395,33.9235707640224
-16.6657531952846,-19.1310416038747,36.3197423358001
-16.9122820361436,-17.5531834636679,38.539548050901
-16.976372178896,-15.5951735373279,40.4804706632409
-16.8382523147392,-13.320490652485,42.048486147196
-16.4864761485138,-10.8217662020941,43.1701310088974
-15.9200051538718,-8.21252850959295,43.803055419083
-15.1492574894439,-5.61455598730979,43.9424089032312
-14.1957873392305,-3.14325385266617,43.6211748758849
-13.0905339905741,-0.894272548869589,42.9041531783179
-11.8709078464036,1.06570341443404,41.8771074788743
-10.5772467203199,2.70238502085325,40.6338759425275
-9.24928354620255,4.01167739942499,39.2644679864048
-7.9231874516398,5.01344320946454,37.8463640891356
-6.62952438552936,5.74345466132306,36.439903210158
-5.39222648084412,6.24554555614232,35.0874087305428
-4.22844927714548,6.56525923095489,33.8149705363769
-3.14907842633544,6.74548971825699,32.6356293322461
-2.1596216118762,6.82401442430106,31.5529251219179
-1.26125800825847,6.83250401884477,30.5641408950287
-0.451881805548147,6.7965194110379,29.6629216337257
0.272958316110458,6.73606865723085,28.8411981555306
0.919269350222497,6.66641185033805,28.0904861976286
1.49398360023405,6.59891591995369,27.4026888465916
2.00447683220602,6.54185049142844,26.7705371989865
2.45821419812826,6.50107628352107,26.1877860845118
2.86250040666754,6.48061362045684,25.6492555024908
3.22431172804647,6.48309755505319,25.1507829469978
3.55019031074714,6.51013421910011,24.6891306765528
3.84618470158244,6.56257503883163,24.2618760127746
4.11782373530736,6.64072444136616,23.8673014096073
4.37011380591324,6.7444944404164,23.5042933659274
4.60755186936355,6.8735169923012,23.1722542921823
4.83414838165732,7.02722270998686,22.8710283717273
5.05345581449027,7.2048925818508,22.6008406547248
5.26859949122633,7.4056877878997,22.3622476337041
5.48230832089366,7.62866150250796,22.1560970592538
5.69694363905509,7.87275566466836,21.9834945486652
5.91452484161642,8.1367850326249,21.8457744804241
6.13675086071727,8.41941037946307,21.744472666343
6.36501681259185,8.71910240315904,21.6812983008362
6.60042537164857,9.03409780461675,21.6581026800154
6.84379261494539,9.36234902632275,21.6768421588105
7.09564825608312,9.70146934542619,21.7395327858244
7.35623036501743,10.0486753846772,21.8481940519589
7.62547486698341,10.4007296479772,22.0047792538363
7.90300034508279,10.7538864027163,22.2110901656901
8.18808895084614,11.1038451028712,22.4686741074549
8.47966456604865,11.4457165360853,22.7787021785767
8.77626976305231,11.7740079119755,23.1418284899221
9.07604357794463,12.082634070132,23.5580317598022
9.37670262716336,12.3649627026294,24.0264427131096
9.67552863470997,12.6139017261148,24.5451633566786
9.96936594385046,12.8220364175607,25.1110873406316
10.2546329912215,12.9818223281958,25.7197340768018
10.5273519249189,13.0858370065617,26.3651127367493
10.7832004330832,13.1270889722741,27.0396351777714
11.0175892870023,13.0993761462211,27.7340985546069
11.2257679729242,12.9976783139205,28.437758056101
11.4029590070238,12.8185598271206,29.1385070506594
11.5445190890335,12.5605507365707,29.8231753183525
11.6461222537872,12.2244684065512,30.4779458206676
11.7039568690636,11.8136391228281,31.0888771342857
11.7149250944401,11.3339818840647,31.6425036383074
11.6768307734025,10.7939254924341,32.1264710292214
11.5885402453057,10.2041451985141,32.5301535486675
11.4501007406265,9.57712507936746,32.845194260389
11.2628031745006,8.92657420468019,33.0659128830886
11.0291802775186,8.26674466561945,33.1895376891051
10.7529367163287,7.61171375166208,33.2162375229823
10.438814419862,6.97469789432578,33.1489539517804
10.0924027673084,6.36746116779201,32.9930576159343
9.71990860735674,5.79986707111023,32.7558725732816
9.32790445373209,5.27960193279381,32.4461244166542
8.92307420163826,4.81207567598632,32.0733706560385
8.51197434907307,4.40048503308038,31.6474658550847
8.1008254174738,4.04600882477357,31.178101589533
7.69534375820378,3.7480962751678,30.674445658416
7.30061900990018,3.50480752537466,30.1448893336208
6.92103786144763,3.31316925168927,29.5968982625155
6.56025100047179,3.16951562581488,29.036953340505
6.2211774630061,3.06979372766183,28.4705627653108
5.90603908947167,3.00982124568039,27.902325073782
5.61641730509255,2.98549175254664,27.3360242911076
5.35332474983795,2.99292848163702,26.7747413187768
5.11728512301786,3.0285912730521,26.2209693980952
4.90841573802128,3.08934342864679,25.6767251981322
4.72650850708384,3.17248598037268,25.1436503452353
4.57110625441272,3.27576672999347,24.623100822444
4.4415723019708,3.39737071220401,24.1162235783869
4.33715214299412,3.53589774289481,23.6240209595118
4.25702670298419,3.69033163419737,23.1474043319882
4.20035719610551,3.86000461123052,22.6872386195649
4.16632193761801,4.04455952007323,22.2443795711677
4.15414569586353,4.24391160144496,21.8197054865014
4.16312228642167,4.4582109239547,21.4141449446557
4.19263115017498,4.68780601427562,21.0287018520157
4.24214863658504,4.93320877185683,20.6644788845096
4.31125465011222,5.19506039312544,20.3227001629112
4.39963522441354,5.47409773542374,20.004733774675
4.50708147551456,5.77111930720454,19.7121145395369
4.63348525868356,6.08694986443289,19.4465672010407
4.77883171925849,6.42240241363974,19.2100300003516
4.94318878869662,6.77823626395985,19.004678337357
5.12669353622294,7.15510963325522,18.8329479300989
5.32953514592617,7.55352520285247,18.697556528374
5.5519341516188,7.97376694507417,18.6015228013931
5.79411743096434,8.41582654094499,18.5481804835501
6.0562883419624,8.87931779768145,18.5411852098907
6.3385912875343,9.36337771712584,18.5845106929204
6.64106993049346,9.86655332485186,18.6824299853058
6.9636182699293,10.3866741321019,18.8394765583972
7.30592385614656,10.9207112747815,19.060378854341
7.66740259801005,11.4646260759635,19.349960935177
8.04712494580539,12.013213135189,19.7130010145062
8.44373376474375,12.5599461664574,20.1540392584473
8.85535500491511,13.0968387410958,20.6771266268461
9.27950337853318,13.614336787438,21.2855081484089
9.71298671942367,14.1012649177834,21.9812374399398
10.1518145392596,14.5448538767379,22.7647250969432
10.5911184730075,14.9308807367492,23.6342323515974
11.0250946993816,15.2439555532803,24.5853334234474
11.4469807847715,15.4679862214805,25.6103850678362
11.8490813284424,15.5868451213805,26.6980588765913
12.2228577077362,15.5852447327279,27.8330085948529
12.5590964102354,15.4498034072359,28.9957573194073
12.8481671099354,15.1702472514072,30.1628928293296
13.0803751240826,14.740652693772,31.3076477383987
13.2464028810515,14.1605934348685,32.400909800125
13.3378219364332,13.4360252579636,33.4126547955187
13.3476422685863,12.5797347467239,34.3137237918796
13.2708515164,11.6112041336899,35.0777891497592
13.104886778129,10.5558092036446,35.6832870989471
12.8499790206806,9.44336503645253,36.1150596209614
12.5093176222578,8.30614792727874,36.3654617904329
12.0890006527599,7.17662426207209,36.4347585690859
11.5977630136911,6.08518000097586,36.3307471611316
11.0465047124196,5.05814788794825,36.0676719923045
10.4476690299724,4.1163706422563,35.6646159506464
9.81453919120082,3.27443322889173,35.1436243060457
9.16052859496991,2.54057508941381,34.5278315237571
8.4985332444143,1.91718546515444,33.8398194573327
7.84039846648832,1.4017146125077,33.100356915917
7.19653008109025,0.987809160961635,32.3275807424762
6.57565798907739,0.666495419436251,31.5365999060892
5.98474173211328,0.427275750975431,30.7394503678885
5.42899513399949,0.259053964068125,29.9453030415913
4.91200101700636,0.150853016957909,29.1608256542525
4.43588621700151,0.0923247188457748,28.390613538533
4.00153006718594,0.0740742995397919,27.6376259303169
3.60878449042132,0.0878340638984482,26.9035866775433
3.25668944776904,0.126522917191195,26.1893274415507
2.94367279471125,0.184225670163951,25.4950658349359
2.66772808225652,0.256120479004731,24.8206204136044
2.42656732193134,0.338376476282491,24.1655698005178
2.21774823736646,0.428037741722568,23.5293655388359
2.03877718780207,0.522904781266907,22.9114085906059
1.88718994714855,0.621420774289421,22.3110985582508
1.76061302986264,0.722566942658406,21.7278633204127
1.65680842114222,0.825769328863431,21.1611752396103
1.57370451191434,0.930817860112093,20.6105586490005
1.50941584673411,1.03779765345692,20.0755920743561
1.46225402740639,1.14703194591187,19.5559076346116
1.43073181925694,1.25903570714356,19.05118928518
1.4135622080456,1.37447883241413,18.5611709953864
1.40965387048246,1.49415776378125,18.0856355488421
1.41810425981233,1.61897440836292,17.6244143869545
1.43819127466739,1.74992128583837,17.1773887483527
1.46936427578449,1.88807192369235,16.7444922636431
1.51123504057528,2.03457561419161,16.3257151242938
1.56356909793691,2.19065574182795,15.9211099405879
1.62627776232601,2.35761097675241,15.5307994250603
1.69941108376865,2.53681870307496,15.1549860767625
1.78315184569928,2.72974010636733,14.7939640929306
1.87781067176609,2.93792637832428,14.4481337948753
1.98382224242191,3.16302550436433,14.1180189220728
2.10174256861615,3.40678907763341,13.8042872209732
2.23224721951788,3.67107852525236,13.5077748313482
2.37613035009132,3.95787003337334,13.2295150508185
2.53430431841953,4.26925730877278,12.9707721338768
2.70779961745485,4.60745110652132,12.7330808493141
2.8977647663615,4.97477417381552,12.5182925701025
3.1054657071069,5.3736498952121,12.3286286881147
3.33228412591742,5.80658245818397,12.1667421111474
3.57971395914407,6.27612577284793,12.0357874803625
3.84935514051446,6.78483765915234,11.9395004979369
4.14290339237825,7.33521494573578,11.8822863152001
4.462134547714,7.92960410329981,11.8693162156199
4.80888150327258,8.57008087619214,11.906630720727
5.18500144056454,9.25829112595453,12.001245602245
5.59233040910354,9.99524386069097,12.1612549144375
6.03262175426228,10.7810463799244,12.3959218452713
6.50746421682849,11.6145709294394,12.7157436786498
7.01817488808958,12.4930427310652,13.1324712277239
7.56566167238714,13.4115414745299,13.6590555826945
8.15024965260141,14.362413395023,14.3094859535042
8.77146602684357,15.3346003345867,15.0984722092438
9.42777945761788,16.3129074583508,16.0409155423644
10.1162922576912,17.2772544915834,17.1511027328667
10.8323884810804,18.2019881009474,18.4415575517972
11.5693484430671,19.0553758386678,19.9214927461239
12.3179511826272,19.7994527334805,21.5948357674721
13.0661013377125,20.3904432094756,23.457860402477
13.7985355248888,20.7800193400935,25.4965534313697
14.4966839064093,20.9176581108116,27.6839836905881
15.1387813268495,20.7542934151717,29.9781109024535
15.7003325356817,20.2472885970949,32.320641707777
16.1550281418231,19.3664605953276,34.637649568106
16.4761713871735,18.1004818336912,36.8426360722068
16.6386024318253,16.4625491409535,38.8424321857711
16.6209971027381,14.4938944642133,40.5457720958577
16.4082868388856,12.2637231030025,41.8735812856056
15.9938304652973,9.86466885980435,42.7692193151901
15.380914304748,7.40385827288686,43.2064452135185
14.5832087015619,4.99092938306826,43.1930544373557
13.6239807697125,2.72538525249608,42.76907730044
12.5341212179909,0.685995148695203,41.9998745351289
11.3493086110613,-1.07562604739144,40.9658613443458
10.106815145216,-2.53640540496963,39.7513622555438
8.84249309019748,-3.69872981113244,38.4349761231158
7.58837080006449,-4.58445455567138,37.0829834985249
6.3710882644909,-5.22786047769141,35.7462185277194
5.21119339027267,-5.66910029247585,34.4599144282687
4.12316402199782,-5.9490479232543,33.2455555971188
3.11594282747261,-6.10584030515605,32.1137184442393
2.19376451420974,-6.17296301691018,31.0670981260141
1.35709176109775,-6.17851829704557,30.1032219038468
0.603530755283416,-6.14527576524982,29.2166211569771
-0.0713498967699078,-6.09116569045497,28.4004226302175
-0.673331476138414,-6.02996833241711,27.6474240671772
-1.20899516176628,-5.97204265382593,26.9507611001692
-1.68529991097225,-5.92500747482199,26.3042758442414
-2.10927066735722,-5.89433543776111,25.7026826340932
-2.48777714439761,-5.88384872471867,25.1416052522751
-2.82738430242972,-5.89612072870205,24.6175394893322
-3.13425794505695,-5.93279467892953,24.1277777615523
-3.41411161844421,-5.99483216529905,23.6703194431658
-3.67218367312969,-6.08270397057845,23.2437811861431
-3.91323570287457,-6.19653402161344,22.8473150832717
-4.14156553474846,-6.33620538721535,22.4805383293923
-4.36102951999515,-6.50143545559674,22.143475405803
-4.5750701135553,-6.69182586743948,21.8365122477569
-4.78674568894372,-6.9068914948706,21.5603609797958
-4.99876026953641,-7.14607172310506,21.3160333512053
-5.21349141489327,-7.40872647514302,21.1048207893003
-5.43301492091825,-7.69411878658292,20.9282788869868
-5.65912530748472,-8.00138526195283,20.7882140717087
-5.89335130293153,-8.32949541192285,20.6866701147717
-6.13696571383066,-8.67720067988241,20.6259120047639
-6.39098921043583,-9.04297392505892,20.6084045152816
-6.65618768189814,-9.42494025571575,20.6367825493938
-6.9330629392799,-9.82080042609722,20.7138100604038
-7.22183668796164,-10.2277485562239,20.8423240668088
-7.52242787478786,-10.6423867372103,21.0251600559464
-7.83442376103011,-11.0606401740115,21.2650549875838
-8.15704540232825,-11.4776779046165,21.5645242764963
-8.48910865255707,-11.8878458021923,21.9257096936023
-8.82898236752059,-12.2846204481522,22.3501962483695
-9.17454617558375,-12.6605944207017,22.8387979883638
-9.52315100009554,-13.0075053382674,23.3913154565714
-9.87158643391273,-13.3163222730735,24.0062714191049
-10.2160600178288,-13.5774034191417,24.6806364442669
-10.5521943579601,-13.7807375580139,25.4095618212487
-10.8750486779655,-13.9162782537784,26.1861437170974
-11.1791716355468,-13.9743732249546,27.0012485855677
-11.4586917944875,-13.9462816275369,27.8434344577621
-11.7074507777925,-13.8247591742029,28.6990043007125
-11.9191816174335,-13.6046759980203,29.5522243948283
-12.0877310554922,-13.2836167933104,30.3857311183003
-12.207319629274,-12.86239986409,31.1811328275632
-12.2728276527556,-12.3454448133567,31.9197902155663
-12.2800893688157,-11.7409212677171,32.5837309747272
-12.2261725587059,-11.0606257949173,33.1566271064657
-12.109617882327,-10.3195614087227,33.624741579386
-11.9306122349666,-9.53523108250342,33.9777412576641
-11.6910741197203,-8.72669764181687,34.2092796036212
-11.3946364719299,-7.91349918463868,34.3172768370333
-11.0465227432008,-7.11453346228692,34.3038639190111
-10.6533238151094,-6.34703036615006,34.1750027714883
-10.2226944702135,-5.62571702164992,33.9398390617979
-9.76299672535711,-4.96224825212343,33.6098765496987
-9.28292187803375,-4.36493370575853,33.198077309399
-8.79112306080622,-3.83875091290964,32.7179886337485
-8.29588584601656,-3.38559921699286,32.1829782536003
-7.80485718311419,-3.00472812394055,31.6056309464163
-7.32484427719683,-2.69326649678318,30.997328859993
-6.86168649915546,-2.44678416034539,30.3680110005858
-6.42019626527446,-2.25983082761622,29.7260880322974
-6.00415972150863,-2.12641427995516,29.0784779258322
-5.61638517735329,-2.04039659992742,28.4307251575195
-5.2587863196107,-1.99580145002609,27.7871690188499
-4.93248783265224,-1.98703576204645,27.1511327786345
-4.63794262559166,-2.00903567683521,26.5251128683976
-4.37505193071601,-2.05734973902281,25.9109544472596
-4.14328171154669,-2.12817306942129,25.310005781478
-3.94177084733415,-2.21834537722476,24.7232484995474
-3.76942830032321,-2.32532395883694,24.1514039642654
-3.62501786617459,-2.44714078738467,23.5950179445969
-3.5072301582956,-2.58235076602097,23.0545267568275
-3.41474221906813,-2.72997638741574,22.5303083615043
-3.34626563590289,-2.88945249317414,22.0227217948025
-3.30058432163002,-3.06057357478524,21.5321379694526
-3.27658324694554,-3.24344507916229,21.0589644351618
-3.27326943016722,-3.43843943685269,20.6036662283119
-3.28978643083576,-3.64615697478596,20.1667845158516
-3.32542348523078,-3.86739146513374,19.7489543728323
-3.37962028322108,-4.10309975954535,19.3509227336042
-3.45196823085351,-4.35437473155647,18.9735673190891
-3.5422088809238,-4.62242057276533,18.617917156299
-3.65023005010796,-4.90852933874288,18.2851751575065
-3.77605997897145,-5.2140575010715,17.9767430995809
-3.91985973118145,-5.540401118467,17.6942492221706
-4.08191386991001,-5.88896808201839,17.4395785286347
-4.26261929112085,-6.26114570995882,17.214905706139
-4.46247193300464,-6.65826176279493,17.0227303588531
-4.68205091598367,-7.08153672191339,16.8659139450078
-4.92199949657664,-7.53202493281844,16.7477173947616
-5.18300204020082,-8.01054197667347,16.6718378268433
-5.46575603384809,-8.5175754334587,16.6424420388763
-5.77093797380915,-9.05317608868202,16.6641934776981
-6.09916178529644,-9.61682669102826,16.742268161697
-6.45092827586962,-10.2072857022909,16.8823534958825
-6.82656401851175,-10.8224042472133,17.0906220822268
-7.22614804138191,-11.4589158723194,17.3736705143123
-7.64942482447565,-12.112201013597,17.7384108588018
-8.09570244338779,-12.7760315506135,18.1919002803583
-8.56373535411036,-13.4423058037603,18.7410924379597
-9.05159239907536,-14.1007910860176,19.3924934674717
-9.55651226776958,-14.7388995822056,20.1517064424906
-10.0747509992132,-15.3415337230175,21.0228523507319
-10.6014292715936,-15.8910486382986,22.0078642767667
-11.1303912082641,-16.3673901824721,23.1056661779567
-11.6540911056849,-16.7484747820792,24.31126963777
-12.1635294733243,-17.0108780313157,25.6148516240123
-12.6482643291235,-17.1308874766983,27.000912077049
-13.096526643881,-17.0859458833065,28.4476476849719
-13.4954685678235,-16.8564601261404,29.9267092016723
-13.8315677236552,-16.427877090174,31.403521900932
-14.0911986603071,-15.7928378825554,32.8383275955267
-14.2613625825319,-14.9531311504077,34.1880390197771
-14.3305394393195,-13.9211011575446,35.4088782300509
-14.289595611142,-12.7201579292006,36.4596103690191
-14.1326518429479,-11.3841122378975,37.3050132216933
-13.8577978824428,-9.95522599295637,37.9190898171072
-13.4675406934942,-8.48110631439412,38.2874891854954
-12.9688972555842,-7.01082345885478,38.4086859180317
-12.3730898759112,-5.59082344190024,38.2936807847001
-11.6948632325101,-4.26126883245089,37.9642735730446
-10.9515037925042,-3.05334797764566,37.4502425063548
-10.1616882110184,-1.98787083138492,36.7859568924222
-9.34430647305501,-1.07519057730864,36.0069992778807
-8.51739488348038,-0.316240119715081,35.1472817331837
-7.69727940710385,0.295684490132187,34.2369563067416
-6.89798301738024,0.772803598659751,33.3012111438595
-6.13090435577624,1.13075220709205,32.3598709856967
-5.40473869948941,1.38674420518944,31.4276157564272
-4.72559040902153,1.55813043839496,30.5145961022016
-4.09721832427988,1.66137864624228,29.6272426769194
-3.52135862722766,1.7114365449191,28.7691125618721
-2.99807911001299,1.72140539102048,27.9416704084648
-2.52613065990964,1.7024425698115,27.1449501021455
-2.10327333693753,1.66381846648616,26.378078842365
-1.72656415659516,1.61306684656661,25.6396687563879
-1.39260105627898,1.55618354487183,24.9280936222228
-1.0977225961639,1.49784230875828,24.24167303048
-0.838166105671681,1.44160788128856,23.5787862628558
-0.610188706975658,1.39013468747163,22.937935560542
-0.410156367530929,1.34534519504751,22.3177748340528
-0.234606211273085,1.30858573476145,21.7171161528286
-0.0802870166696315,1.2807598416613,21.1349230320063
0.0558176691634619,1.26244047775501,20.5702968006186
0.176479950022617,1.25396316012912,20.0224602174513
0.284228271033267,1.25550228674911,19.4907409385442
0.381355672604851,1.26713298378973,18.9745563392921
0.469933403723339,1.2888806953297,18.4734004537575
0.551828132883975,1.32076056188315,17.9868333225788
0.628721375783893,1.36280842698289,17.5144727623252
0.702130080903793,1.41510509381997,17.0559884232213
0.773427582195411,1.47779524021993,16.6110979438088
0.843864347997863,1.55110219762953,16.1795650079701
0.914588132961029,1.63533961232924,15.7611991395377
0.98666328089785,1.73092083649247,15.3558571178447
1.06108903645731,1.83836674313003,14.9634459550173
1.13881680712458,1.95831252140187,14.5839274375114
1.22076637855231,2.0915138853855,14.2173242979742
1.30784112923563,2.23885301756688,13.8637281483437
1.40094231806876,2.40134446480773,13.5233093716414
1.50098253274265,2.58014110542822,13.1963292392077
1.60889839001121,2.77654020669816,12.8831545934748
1.72566257167991,2.99198948699725,12.584275514999
1.85229526321164,3.22809297971823,12.3003264773248
1.9898750348623,3.48661635892125,12.0321115846182
2.13954916726819,3.76949122050439,11.7806345841826
2.30254337259181,4.07881760598966,11.547134446623
2.4801707959316,4.41686379533048,11.3331274058465
2.67384009587149,4.7860620640525,11.1404564409718
2.88506229268959,5.18899867907419,10.9713492490278
3.11545593132805,5.62839587405355,10.8284857799785
3.3667499256006,6.10708287357951,10.7150763522759
